{"G_loss": [6.399807059887758, 5.66417577383806, 5.518622574190287, 5.43442860887295, 5.38895567205185, 5.363397238831436, 5.378159703161588, 5.362459931683006, 5.318114294580722, 5.381275432336829, 5.39907991502992, 5.3372161852511, 5.303532878003604, 5.349947186800261, 5.428598426774895, 5.395346951238888, 5.41397624452451, 5.442351179602943, 5.487534487731822, 5.479239244906378, 5.4409191803617, 5.577346570713004, 5.346311501259512, 5.308701250609519, 5.33467339717525, 5.316380809335148, 5.328116978205212, 5.3444246013935155, 5.337600013138382, 5.319935922987032, 5.3185706569470375, 5.324584233681312, 5.338887880034993, 5.311612079474621, 5.306191349550042, 5.299792946433211, 5.312261411968761, 5.298421305696338, 5.304604188249355, 5.2642960114649675, 5.278852054174919, 5.29068510773834, 5.3217110674333545, 5.320539057507813, 5.3188918248460535, 5.3159207155517985, 5.325663617193663, 5.332250901899459, 5.3362364271613885, 5.337847927398867], "D_loss": [0.6251223921558943, 0.6612058846497983, 0.6641619830438048, 0.6631118559779507, 0.6624697243682972, 0.656842959295843, 0.6482526487187952, 0.6474601699772424, 0.6518945159190637, 0.6349820022405169, 0.6314357206125993, 0.6416459400556968, 0.6419904022378731, 0.6272108881960788, 0.6109367242685009, 0.6221307948584119, 0.6186420065912787, 0.6091258318551459, 0.6003338016294002, 0.6018731180395481, 0.6045000644761046, 0.5788566602440297, 0.6057322701770222, 0.6058786896013939, 0.6010554426904878, 0.6024667145159116, 0.5971298528267008, 0.5945841237550219, 0.5896451076353731, 0.5913267306048194, 0.5900751033503044, 0.582152390422208, 0.574917836269514, 0.567935885571219, 0.5668579750056698, 0.5645675171751771, 0.5634499830032855, 0.5666443163369771, 0.5593131020113943, 0.5596927834901758, 0.5517700538988038, 0.5466196557259545, 0.5437876184721149, 0.5400025434679085, 0.5387666381764513, 0.5344743478507834, 0.5322709033495011, 0.5308508769969928, 0.5271530929046953, 0.5243678115005562], "recon_loss": [5.574552100117891, 4.908930005143092, 4.768721458404407, 4.684984833770192, 4.637676613205414, 4.604922451887657, 4.6004264412720035, 4.57504725658655, 4.541066979109482, 4.567203132391627, 4.56997164863395, 4.528959528325615, 4.503471047824769, 4.520758565598867, 4.5427002225087, 4.534112511845413, 4.546621097099282, 4.545553204569042, 4.565060991520517, 4.557154388853172, 4.52805889861883, 4.580567341598328, 4.463007786803133, 4.439906026600996, 4.448929587192721, 4.436622110685122, 4.440593560214401, 4.447755052184538, 4.430072127263643, 4.423767010404024, 4.412496429255256, 4.412340610686254, 4.411964854276347, 4.386152817064014, 4.381618757431185, 4.373589265140495, 4.3765308316220946, 4.376048650513496, 4.374822729316316, 4.3458399131867, 4.3450855464195035, 4.344990566653002, 4.371423874075229, 4.35976093717421, 4.359600577546366, 4.351497831228576, 4.355295712050342, 4.359784726846428, 4.352375024363733, 4.350300348974344], "adv_loss": [0.8252549558209246, 0.755245761736875, 0.7499011054481428, 0.7494437758166403, 0.7512790623616276, 0.7584747912451453, 0.7777332639679756, 0.7874126781688595, 0.7770473178116895, 0.8140723040568026, 0.8291082698840528, 0.8082566686006225, 0.800061826853408, 0.8291886213188681, 0.8858982096880837, 0.8612344404688165, 0.8673551414069297, 0.89679797542247, 0.9224734993108191, 0.9220848557730744, 0.9128602747486316, 0.9967792291688948, 0.8833037184685776, 0.8687952196258282, 0.8857438053558493, 0.879758703990587, 0.8875234173672932, 0.8966695470402211, 0.9075278811848041, 0.8961689114353742, 0.9060742333124738, 0.9122436157929817, 0.9269230235989272, 0.9254592619858921, 0.9245726019776612, 0.926203686732679, 0.9357305815575555, 0.9223726558425052, 0.9297814618608603, 0.9184560924678083, 0.9337664994057053, 0.9456945409407538, 0.9502871932587239, 0.9607781222041554, 0.9592912415434477, 0.9644228850009587, 0.9703679095260153, 0.9724661772217875, 0.9838614069092556, 0.987547581198723], "val_recon_loss": [0.050006344341314755, 0.0469211540543116, 0.04651045426726341, 0.04934621630952908, 0.045700633755097024, 0.04700341963997254, 0.04569218594294328, 0.045840940509851165, 0.0471050925552845, 0.04537639509026821, 0.04612810164690018, 0.04496969827092611, 0.04463585695395103, 0.045086431388671584, 0.04499938109746346, 0.04422646703628393, 0.0446162478855023, 0.04586424850500547, 0.04512887763289305, 0.04453342780470848, 0.04430764283125217, 0.04620578942390589, 0.04477290379313322, 0.04477086548621838, 0.04481377108738972, 0.0447846888922728, 0.04394144135025831, 0.045163657229680285, 0.044162274266664796, 0.04436914364878948, 0.044866022582237534, 0.04500909006366363, 0.04464750364422798, 0.044955869420216635, 0.04487822147516104, 0.044381036781347714, 0.04489963730940452, 0.044832682953431055, 0.044545673980162695, 0.04427163073649773, 0.044629426243213505, 0.044688648042770535, 0.044738010718272284, 0.04424575515664541, 0.044580547855450556, 0.044894298968406826, 0.04517930172956907, 0.04481622060904136, 0.044617682408828005, 0.044956136208314165]}